Industry-wise Persona,Persona Name,Persona Title,Age Range,Gender,Location,Income / Revenue Level,Education Level,Technical Level,Job Role,Lifestyle,Main Goal,Motivation,Main Pain Point,Challenges,Current Workflow,Buying Trigger,Buying Behavior,Decision Process,Preferred Channels,Preferred Content,Common Objection,What They Need to Believe,How PloverCRM Helps,Most Relevant Features,Success Looks Like,Homepage Message,,
Persona 1,WordPress Business Owner,Has a WordPress site but no lead system,28–50,Male or female,Urban or semi-urban,Growing business,College or self-taught,Medium,Owner or founder,Busy with business growth,Turn website visitors into leads,Wants website to bring business,Leads are scattered,No clear tracking system,"Forms, email, WhatsApp, sheets",Missed leads become visible,Compares simple CRM options,Owner decides,"Facebook, YouTube, Google, email",Demos and simple explainers,“I already have forms.”,Website can become a lead system,Turns WordPress into a lead CRM,"Lead capture, dashboard, pipeline",Every lead is tracked,Turn WordPress into a lead system,,
Persona 2,Local Service Business Owner,"Gets leads from calls, forms, and ads",30–55,"Mostly male, also female",Local service markets,Revenue depends on inquiries,Mixed education,Low to medium,"Clinic, legal, real estate, repair, construction owner",Busy with daily service work,Convert inquiries into bookings,Wants fewer missed opportunities,Follow-ups are missed,Manual notes and calls,"Calls, forms, WhatsApp, notes",Lost inquiry affects revenue,Wants clear business benefit,Owner decides,"Facebook, WhatsApp, Google",Before/after examples,“I do not want another tool.”,Faster follow-up increases revenue,Captures and tracks inquiries,"Mobile app, reminders, stages",More booked jobs,Stop missing service inquiries,,
Persona 3,Digital Agency Owner,Manages leads for many clients,25–45,Male or female,Local and international,Retainer-based income,Marketing or business educated,Medium to high,Agency founder or partner,Handles clients and teams,Manage client leads better,Wants better client results,Client leads are messy,Multiple clients and tools,"Ads, forms, sheets, CRMs",Client asks for better tracking,Checks scalability and reliability,Agency owner decides,"LinkedIn, YouTube, groups",Workflow examples,“Can it handle clients?”,CRM helps client retention,Manages client workspaces,"Workspaces, tracking, automation",Cleaner client lead management,Manage client leads from one CRM,,
Persona 4,Performance Marketer,Runs Meta and Google campaigns,23–40,Male or female,Remote or agency-based,Income tied to ad results,Marketing or analytics background,High,Media buyer or growth marketer,Checks dashboards daily,Improve lead quality,Wants better campaign performance,Ads bring low-quality leads,Poor attribution data,"Ads Manager, Google Ads, reports",Ad spend feels wasted,Checks data and integration depth,Influences or decides,"LinkedIn, YouTube, newsletters",Technical explainers,“Is tracking accurate?”,Better signals improve ads,Tracks quality and attribution,"Attribution, Meta CAPI, Google Ads API",Better campaign optimization,Connect ad results to real leads,,
Persona 5,WordPress Developer,Builds WordPress sites for clients,22–45,"Mostly male, also female",Remote or local,Project and maintenance income,Technical or design background,High,Developer or web designer,Builds and maintains websites,Add CRM value to websites,Wants stronger client solutions,Clients need lead systems,Needs easy plugin setup,"WordPress, forms, plugins",Client needs CRM after website,Checks compatibility and support,Recommends or decides,"WordPress groups, YouTube, docs",Setup guides,“Will it work with my setup?”,Plugin adds real client value,Adds CRM layer to WordPress,"WordPress plugin, forms, settings",More valuable websites,Add CRM power to WordPress sites,,
Persona 6,Sales Manager,Manages team follow-ups,28–50,Male or female,Office-based or hybrid,Salary or management role,Business or sales background,Medium,Sales or operations lead,Tracks team performance,Keep leads moving,Wants team clarity,Team forgets next actions,Duplicate or missed replies,"CRM, sheets, team chats",Team follow-up becomes messy,Checks ease of team use,Influences decision,"Email, WhatsApp, meetings",Team workflow examples,“Will the team use it?”,Ownership improves follow-up,Assigns and tracks leads,"Assignments, reminders, templates",No lead without ownership,Keep every lead assigned,,
Persona 7,Coaching / Education Owner,Manages student or client inquiries,25–55,Male or female,Local or online,Revenue from enrollments,Education or coaching background,Low to medium,"Institute, course, or coaching owner",Handles inquiries and follow-ups,Convert inquiries into enrollments,Wants organized communication,Student leads get lost,Too many inquiry sources,"WhatsApp, forms, calls, emails",Inquiry volume increases,Wants simple setup and mobile access,Owner decides,"WhatsApp, Facebook, YouTube",Demo videos and templates,“Is it easy enough?”,Organized leads improve enrollments,Organizes inquiries and trials,"Stages, templates, follow-ups",More inquiries become enrollments,Manage inquiries in one place,,
,,,,,,,,,,,,,,,,,,,,,,,,,,,,
,,,,,,,,,,,,,,,,,,,,,,,,,,,,
,,,PloverCRM Audience Awareness & Messaging Map,,,,,,,,,,,,,,,,,,,,,,,,,
,,,Purpose :,,,,,,,,,,,,,,,,,,,,,,,,,
,,,This document explains what to say to each audience based on their awareness level.,,,,,,,,,,,,,,,,,,,,,,,,,
,,,"It helps the team plan website copy, content, emails, sales pages, onboarding, and retargeting.",,,,,,,,,,,,,,,,,,,,,,,,,
,,,,,,,,,,,,,,,,,,,,,,,,,,,,
,,,,,,,,,,,,,,,,,,,,,,,,,,,,
,,,,,,,,,,,,,,,,,,,,,,,,,,,,
,,,,,,,,,,,,,,,,,,,,,,,,,,,,
Audience Stage,Awareness Stage,Audience Mindset,What They Think,Main Problem,Emotional State,Language Type,Language to Use,Words to Use,Words to Avoid,Main Message,Message Example 1,Message Example 2,Message Example 3,Best Content Type,Website Copy Focus,Homepage Section Focus,Sales Page Focus,Email Focus,Social Content Focus,Retargeting Focus,Targeting Type,Targeting Direction,Audience Examples,Main Objection,Objection Response,PloverCRM Positioning,Primary Goal,Next Step
Stage 1,Completely Unaware,They do not know they have a lead problem.,My website is live.,They think a website is enough.,Comfortable but unaware.,Website growth language.,Website should bring business.,"Website, leads, growth, visitors, business.","CRM automation, API, attribution.",Your website should become a lead system.,Your website should do more than look professional.,Your WordPress site can become a lead generation system.,Do not let your website work like a static brochure.,Simple education.,Website transformation.,Hero message and problem intro.,Show why website alone is not enough.,Educate them about the problem.,Website growth tips.,Not primary audience.,Cold audience.,WordPress users and website owners.,"Small business owners, WordPress users, service businesses.",I do not need this.,"A website should support sales, not just display information.",Website growth system.,Create awareness.,Educate.
Stage 2,Problem Aware,They know leads are being missed.,Leads are coming but we lose track.,Leads are scattered after capture.,Frustrated and confused.,Pain and loss language.,Stop losing leads.,"Lost leads, follow-up, scattered, missed, tracking.",Too many technical terms.,Getting leads is not enough.,Stop losing leads after they submit the form.,Most leads are lost after capture.,Your leads are not the problem. Your system is.,Pain-based explainers.,Lead loss and missed follow-up.,Problem section.,Show cost of missed leads.,Agitate the pain.,Missed lead examples.,Retarget engaged problem-aware users.,Cold to warm audience.,"People using forms, ads, and lead generation.","Advertisers, form users, agencies, local businesses.",I can manage leads manually.,Manual follow-up causes missed opportunities.,Lead control system.,Make the problem clear.,Agitate.
Stage 3,Solution Aware,They know they need a lead system.,We need a CRM.,Current tools feel messy.,Actively searching.,Solution language.,Manage leads in one place.,"CRM, dashboard, pipeline, reminders, WordPress.",Complex feature lists.,Manage every lead inside WordPress.,Manage leads inside WordPress.,No more scattered tools.,Track every lead stage clearly.,Product comparison.,Simple WordPress CRM.,Solution section.,Show why PloverCRM is the solution.,Introduce PloverCRM.,CRM workflow posts.,Retarget CRM searchers and visitors.,Warm audience.,"CRM, lead management, and WordPress tool users.","CRM seekers, agency owners, sales teams.",Why not use another CRM?,PloverCRM is built for WordPress lead management.,WordPress CRM solution.,Show the solution.,Position.
Stage 4,Product Aware,They know about PloverCRM.,Is PloverCRM right for us?,They need trust and clarity.,Curious but cautious.,Feature and outcome language.,See how PloverCRM works.,"Features, workflow, source tracking, automation, team.",Vague promises.,"PloverCRM connects capture, tracking, and follow-up.",See every lead in one dashboard.,"Track source, campaign, and lead journey.",Assign leads to the right person.,Feature demos.,Feature clarity and proof.,Feature and workflow section.,Show how features solve daily problems.,Build trust with features.,Product feature posts.,Retarget website and video viewers.,Warm retargeting.,Website visitors and engaged users.,"PloverCRM visitors, content viewers, ad clickers.",Will this work for my business?,"PloverCRM is made for capture, tracking, and follow-up.",Complete lead management platform.,Build trust.,Prove.
Stage 5,Most Aware,They are close to buying.,Should we start now?,They need final confidence.,Ready but hesitant.,Direct action language.,Start using PloverCRM.,"Demo, pricing, setup, start, activate.",Long education.,Start managing leads smarter today.,Activate your WordPress lead system.,Book a demo and see how it works.,Start tracking every opportunity.,Pricing and demo content.,CTA and conversion.,"Pricing, demo, and final CTA.","Show offer, setup, and next step.",Ask for action.,Demo and offer posts.,Retarget pricing and demo visitors.,Hot retargeting.,"Pricing visitors, demo visitors, trial users.","Demo page visitors, checkout abandoners, email subscribers.",Is now the right time?,Start with a simple demo or setup.,Ready-to-use lead system.,Drive action.,Convert.
,,,,,,,,,,,,,,,,,,,,,,,,,,,,
,,,,,,,,,,,,,,,,,,,,,,,,,,,,
,,,,,,,,,,,,,,,,,,,,,,,,,,,,
,,,,,,,,,,,,,,,,,,,,,,,,,,,,
Stage 2 Wordpress language,Problem aware wordpress Based,They know WordPress leads are being missed.,"Leads come from my site, but we lose track.",WordPress leads are scattered after form submission.,Frustrated and confused.,WordPress lead loss language.,Stop losing WordPress leads after capture.,"WordPress leads, forms, submissions, inquiries, follow-up, missed leads, tracking.","Generic CRM terms, heavy automation, API language.","Your WordPress forms capture leads, but PloverCRM helps you manage and convert them.",Stop losing WordPress leads after they submit the form.,Your WordPress website gets inquiries. Now track what happens next.,Forms are not enough. Every WordPress lead needs follow-up.,Pain-based explainers.,WordPress lead loss and missed follow-up.,Problem section focused on WordPress forms and inquiries.,Show the cost of missed WordPress leads.,Agitate WordPress lead loss pain.,Missed WordPress lead examples.,Retarget engaged problem-aware users.,Cold to warm audience.,"WordPress users, form plugin users, website owners, advertisers, agencies.","WordPress business owners, WPForms users, Elementor users, Contact Form 7 users, service businesses.",I already have forms on my website.,"Forms collect leads, but they do not manage follow-up.",WordPress lead control system.,Make the problem clear.,Agitate.